Program,enwik8,ratio,decomp vs size,enwik9,ratio,decomp vs size,Decompresser,,Total size enwik9+prog,Comp Time,Decomp Time,Mem,Alg,Note
nncp v3.2,14915298,14.915298,62.4933925503834,106632363,0.106632363,446.777403946872,628955,xd,107261318,241871,238670,7600,Tr,88
cmix v20,14760552,14.760552,23.8448783892062,109877715,0.109877715,177.50154275117,241725,sd,110119440,621780,619024,31650,CM,83
fx-cmix,,0,0,112142259,0.112142259,517.175464406279,0,xd,,112142259,216836,8869,CM,97
tensorflow-compress v4,15905037,15.905037,54.6935107271933,113542413,0.113542413,390.44443489235,55283,sd,113597696,291394,290803,45360,LSTM,94
cmix-hp 10 Jun 2021,15957339,15.957339,82.1357782581841,113712798,0.113712798,585.303675108091,0,xd,113712798,189420,194280,6873,CM,89
fast-cmix,,0,0,113746218,0.113746218,932.567725114986,0,xd,113746218,,121971,8027,CM,99
starlit 31 May 2021,15215107,15.215107,88.6237753521045,114951433,0.114951433,669.560192681819,0,xd,114951433,173953,171682,10233,CM,89
phda9 1.8,15010414,15.010414,173.922878164649,116544849,0.116544849,1350.38351196339,42944,xd,116587793,86182,86305,6319,CM,83
paq8px_v206fix1   -12L,15849084,15.849084,53.753587453832,124696410,0.12469641,422.91903936618,402949,s,125099359,291916,294847,28151,CM,93
durilca'kingsize  -m13000 -o40 -t2,16209167,16.209167,9020.12632164719,127377411,0.127377411,70883.367278798,407477,xd,127784888,1398,1797,13000,PPM,31
cmve 0.2.0        -m230x7fed7dfd,16424248,16.424248,#DIV/0!,129876858,0.129876858,#DIV/0!,307787,x,130184645,1140801,,19963,CM,81
paq8hp12any       -8,16230028,16.230028,431.833439761601,132045026,0.132045026,3513.33083226905,330700,x,132375726,37660,37584,1850,CM,41
drt|emma 1.23,16523517,16.523517,246.263126518324,134164521,0.134164521,1999.56065099781,1358251,xd,135522772,73006,67097,3800,CM,81
zpaq 6.42         -m s10.0.5fmax6,17855729,17.855729,1211.46136101499,142252605,0.142252605,9651.4420924079,4760,sd,142257365,6699,14739,14000,CM,61
drt|lpaq9m        9,17964751,17.964751,20005.2906458797,143943759,0.143943759,160293.718262806,110579,x,144054338,868,898,1542,CM,41
mcm 0.83          -x11,18233295,18.233295,64887.1708185053,144854575,0.144854575,515496.708185053,79574,s,144934149,394,281,5961,CM,72
nanozip 0.09a     -cc -m32g -p1 -t1 -nm,18594163,18.594163,16296.3742331288,148545179,0.148545179,130188.588080631,783642,x,149328821,1149,1141,32000,CM,74
xwrt 3.2    -l14 -b255 -m96 -s -e40000 -f200,18679742,18.679742,8023.9441580756,151171364,0.151171364,64936.1529209622,52569,s,151223933,2537,2328,1691,CM,
fp8 v3            -8,18438169,18.438169,816.100960474483,153188176,0.153188176,6780.33798079051,50068,s,153238244,20605,22593,1192,CM,26
WinRK 3.03        pwcm +td 800MB SFX,18612453,18.612453,#DIV/0!,156291924,0.156291924,#DIV/0!,99665,xd,156391589,68555,,800,CM,10
ppmonstr J        -m1700 -o16,19055092,19.055092,5293.08111111111,157007383,0.157007383,43613.1619444444,42019,x,157049402,3574,3600,1700,PPM,
zcm 0.93          -m8 -t1,19572089,19.572089,47620.6545012165,159135549,0.159135549,387191.116788321,227659,x,159363208,421,411,3100,CM,48
slim 23d          -m1700 -o12,19077276,19.077276,3532.82888888889,159772839,0.159772839,29587.5627777778,69453,x,159842292,5232,5400,1700,PPM,
bsc-m03 0.4.0     -b1000000000,20293393,20.293393,150321.42962963,160258936,0.160258936,1187103.22962963,105456,xd,160364392,160,135,13000,BWT,96
bwmonstr 0.02,20307295,20.307295,130.052418554311,160468597,0.160468597,1027.67646512581,69401,x,160537998,331801,156147,590,BWT,30
nanozipltcb 0.09,20537902,20.537902,684596.733333333,161581290,0.16158129,5386043,133784,x,161715074,64,30,3350,BWT,40
M03 1.1b          1000000000,20710197,20.710197,51010.3374384236,163667431,0.163667431,403121.751231527,50468,x,163717899,457,406,5735,BWT,52
bcm 2.03          -b1000x-,20738630,20.73863,609959.705882353,163646387,0.163646387,4813129.02941177,125866,x,163772253,63,34,4096,BWT,98
glza 0.10.1       -x -p3,20356097,20.356097,1710596.38655462,163768203,0.163768203,13762033.8655462,69935,s,163838138,8184,11.9,8205,Dict,67
bsc 3.25          -b1000 -e2,20786794,20.786794,2598349.25,163884462,0.163884462,20485557.75,74297,xd,163958759,23,8,5000,BWT,96
bbb               m1000,20847290,20.84729,7960.01909125621,164032650,0.16403265,62631.7869415808,11227,s,164043877,4524,2619,1401,BWT,
pcompress 3.1     -c libbsc -l14 -s1000m,20769968,20.769968,280675.243243243,163391884,0.163391884,2207998.43243243,1370611,x,164762495,359,74,3300,BWT,48
paq9a             -9,19974112,19.974112,4967.44889331012,165193368,0.165193368,41082.6580452624,13749,s,165207117,3997,4021,1585,CM,
uda 0.300,19393460,19.39346,770.37657901009,166272261,0.166272261,6604.92019543974,11264,x,166283525,25282,25174,180,CM,
BWTmix v1         c10000,20608793,20.608793,29867.815942029,167852106,0.167852106,243263.92173913,9565,x,167861671,1794,690,5000,BWT,49
lrzip 0.612       -z -L 9 -p 1,19847690,19.84769,6776.26835097303,169318794,0.169318794,57807.7138955275,99363,x,169418157,2987,2929,2700,CM,33
cm4_ext,20188048,20.188048,4888.14721549637,170566799,0.170566799,41299.4670702179,204782,x,170771581,4123,4130,1906,CM,26
M1x2 v0.6         7 enwik7.txt,20723056,20.723056,28983.2951048951,172212773,0.172212773,240857.025174825,38467,s,172251240,711,715,1051,CM,26
cmm4 v0.1e        96,20569034,20.569034,10004.3939688716,172669955,0.172669955,83983.4411478599,31314,x,172701269,2052,2056,1321,CM,
lstm-compress v3,20318653,20.318653,221.152999695241,173874407,0.173874407,1892.48995385084,144567,s,174018974,92342,91876,9,LSTM,83
ccmx 1.30         7,20857925,20.857925,15588.8826606876,174142092,0.174142092,130151.040358744,15014,x,174157106,1313,1338,1332,CM,
bit 0.7           -p=5,20823204,20.823204,9915.81142857143,174425039,0.174425039,83059.5423809524,62493,x,174487532,2050,2100,663,CM,26
mcomp 2.00        -mw -M320m,21103670,21.10367,52891.4035087719,174388351,0.174388351,437063.536340852,172531,x,174560882,473,399,1643,BWT,26
epmopt|epm r9     -m800 -n20 --fixedorder:12,19713502,19.713502,5839.30746445498,174817424,0.174817424,51782.4123222749,141101,x,174958525,3179,3376,800,PPM,
WinUDA 2.91       mode 3 (194 MB),20332366,20.332366,866.202274954203,174975730,0.17497573,7454.34030588336,17203,x,174992933,23610,23473,194,CM,
dark 0.51         -b333mf,21169819,21.169819,46732.4922737307,175471417,0.175471417,387354.121412804,34797,x,175506214,533,453,1692,BWT,
FreeArc 0.40pre-4 -mppmd:1012m:o13:r1,20931605,20.931605,17213.4909539474,175254732,0.175254732,144123.957236842,748202,x,176002934,1175,1216,1046,PPM,
hook v1.4         1700,21990502,21.990502,31641.0100719424,176648663,0.176648663,254170.738129496,37004,x,176685667,741,695,1777,DMC,26
7zip 4.46a        -m0=ppmd:mem=1630m:o=10 ...,21197559,21.197559,38823.3681318681,178965454,0.178965454,327775.556776557,0,xd,178965454,503,546,1630,PPM,23
rings 2.5         -m8 -t1,20873959,20.873959,128061.098159509,178747360,0.17874736,1096609.57055215,240523,x,178987883,280,163,2518,BWT,48
pimple2,20871457,20.871457,1160.04096265007,180251530,0.18025153,10018.4265228991,78642,x,180330172,18474,17992,128,CM,
ash 04a           /m700 /o10,19963105,19.963105,3410.74747992483,180735542,0.180735542,30879.1289936785,11137,x,180746679,6100,5853,700,CM,
bce3,22729148,22.729148,9299.97872340426,180732702,0.180732702,73949.5507364976,19889,s,180752591,1151,2444,5000,CM,71
ocamyd LTCB 1.0   -s0 -m3,21285121,21.285121,193.5011,182359986,0.182359986,1657.81805454545,21030,x,182381016,108960,110000,300,DMC,6
bee 0.79 b0154    -m3 -d8,20975994,20.975994,2259.12697899838,182373904,0.182373904,19641.7774905762,57046,x,182430950,9295,9285,512,PPM,
uhbc 1.0          -m3 -b100m,20930838,20.930838,25872.4820766378,182918172,0.182918172,226104.044499382,56242,x,182974414,1569,809,800,BWT,
smac 1.20,21781544,21.781544,4951.47624460105,183190888,0.183190888,41643.7572175494,4356,x,183195244,4249,4399,1542,CM,26
ppmd J1           -m256 -o10 -r1,21388296,21.388296,23897.5374301676,183964915,0.183964915,205547.391061453,11099,s,183976014,880,895,256,PPM,
tc 5.2 dev 2,21481399,21.481399,5877.26374829001,184939711,0.184939711,50599.1001367989,41112,x,184980823,3637,3655,230,CM,
bwtsdc v1,23414955,23.414955,55749.8928571429,185709858,0.185709858,442166.328571429,8421,s,185718279,2100,420,5213,BWT,47
fbc v1.1          333333334,22554133,22.554133,54347.3084337349,185975548,0.185975548,448133.85060241,23576,x,185999124,451,415,1647,BWT,55
ppmvc v1.1        -m256 -o8 -r1,21484294,21.484294,23531.5377875137,186208405,0.186208405,203952.250821468,25241,x,186233646,898,913,272,PPM,
chile 0.4         -b=244141,22218917,22.218917,43396.322265625,186979614,0.186979614,365194.55859375,11530,s,186991144,2513,512,1426,BWT,
bwtdisk 0.9.0     -b 2 -m 3500,24725277,24.725277,#DIV/0!,190004306,0.190004306,#DIV/0!,169579,s,190173885,1124,,3500,BWT,48
CTXf 0.75 pre b1  -me,22072783,22.072783,21285.2295081967,191008871,0.191008871,184193.703953713,57337,x,191066298,1112,1037,78,PPM,
m03exp 2005-02-15 32MB blocks,21948192,21.948192,10451.52,191250500,0.1912505,91071.6666666667,44593,x,191295093,4800,2100,256,BWT,
Stuffit 12.0.0.17 -m=4 -l=16 -x=30,22105654,22.105654,33595.2188449848,190372707,0.190372707,289320.223404255,2658122,xd,193030829,628,658,1062,PPM,
plzma v3b         c2 ... (see below),24206571,24.206571,440119.472727273,193240160,0.19324016,3513457.45454545,101221,x,193341381,8889,55,10110,LZ77,58
crook v0.1        -m1600 -O8,22503627,22.503627,43866.7192982456,193333159,0.193333159,376867.756335283,8539,s,193341698,483,513,1641,PPM,26
ppmx 0.03,22572808,22.572808,28791.8469387755,193643464,0.193643464,246994.214285714,54964,x,193698428,777,784,609,PPM,26
lzturbo 1.1       -49 -b1000 -p0,24416777,24.416777,2712975.22222222,194681713,0.194681713,21631301.4444444,110670,x,194792383,1920,9,14700,LZ77,59
enc 0.15          aq,22156982,22.156982,3226.1185206756,195604166,0.195604166,28480.5133954572,94888,x,195699054,6843,6868,50,CM,
comprolz 0.11.0-bugfix1  -b250 -f,22813215,22.813215,74068.8798701299,196651379,0.196651379,638478.503246753,29453,x,196680832,984,308,688,ROLZ,26
sbc 0.970r2       -ad -m3 -b63,22470539,22.470539,71790.8594249201,197066203,0.197066203,629604.482428115,99094,xd,197165297,1733,313,224,BWT,
xz 5.2.1--lzma2=preset=9edict=1GiBlc=4pb=0,24703772,24.703772,1235188.6,197331816,0.197331816,9866590.8,36752,xd,197368568,5876,20,6000,LZ77,73
WinRAR 3.60b3     -mc7:128t+ -sfxWinCon.sfx,22713569,22.713569,54731.4915662651,198454545,0.198454545,478203.722891566,0,xd,198454545,506,415,128,PPM,
quark v0.95r beta -m1 -d25 -l8,22988924,22.988924,105939.741935484,198600023,0.198600023,915207.479262673,80264,x,198680287,27952,217,534,LZ77,
lzip 1.14-rc3     -9 -s512MiB,24756063,24.756063,1178860.14285714,199410543,0.199410543,9495740.14285714,21682,s,199432225,2409,21,5632,LZ77,57
comprox 0.11.0-bugfix1 -b250 -f -m100,23064386,23.064386,150747.620915033,199515912,0.199515912,1304025.56862745,34176,x,199550088,917,153,688,LZ77,26
bssc 0.95 alpha   -b16383,23117061,23.117061,106530.235023041,201810709,0.201810709,930003.267281106,45489,x,201856198,578,217,140,BWT,4
flashzip 1.0.0    -mx7 -b7,23869034,23.869034,195647.819672131,202363445,0.202363445,1658716.76229508,123053,x,202486498,1296,122,802,ROLZ,26
lzham 1.0         -d29 -x,25002070,25.00207,3788192.42424242,202237199,0.202237199,30641999.8484849,191600,s,202428799,1096,6.6,7800,LZ77,70
csarc 3.3         -m5 -d1024m,24516202,24.516202,1114372.81818182,203995005,0.203995005,9272500.22727273,69848,s,204064853,621,22,2463,LZ77,48
packet 1.9        -mx -b512 -h8,24968492,24.968492,1783463.71428571,204195438,0.204195438,14585388.4285714,261967,x,204457405,974,14,2824,LZ77,48
uharc 0.6b        -mx -md32768,23911123,23.911123,17978.2879699248,208026696,0.208026696,156411.04962406,73608,xd,208100304,1666,1330,50,PPM,
TarsaLZP Jan 29 2012,24751389,24.751389,#DIV/0!,208867187,0.208867187,#DIV/0!,13081,s,208880268,203,,~2000,LZP,54
GRZipII 0.2.4     -b8m,23846878,23.846878,110402.212962963,208993966,0.208993966,967564.657407407,41645,s,209035641,312,216,58,BWT,
4x4 0.2a          4t (grzip:m1:h18),23833244,23.833244,99305.1833333333,208787642,0.208787642,869948.508333333,317097,x,209104739,386,240,269,BWT,
rzm 0.07h,24361070,24.36107,300753.950617284,210126103,0.210126103,2594149.41975309,17667,x,210143770,2336,81,160,ROLZ,
pim 2.50          best,24303638,24.303638,31811.0445026178,210124895,0.210124895,275032.585078534,330901,x,210455796,764,764,88,PPM,
CTW 0.1           -d6 -n16M -f16M,23670293,23.670293,1212.36903298504,211995206,0.211995206,10858.1851055112,43247,x,212038452,19221,19524,144,CM,
boa 0.58b         -m15,24322643,24.322643,5932.35195121951,213845481,0.213845481,52157.4343902439,55813,x,213901294,3953,4100,17,PPM,
yxz 0.11          -m9 -b7 -h6,25754856,25.754856,334478.649350649,214317684,0.214317684,2783346.54545455,131062,x,214448746,642,77,1590,LZ,26
zstd 0.6.0        -22 --ultra,25405601,25.405601,11548000.4545455,215674670,0.21567467,98033940.9090909,69687,s,215744357,701,2.2,792,LZ77,76
tornado 0.6       -16,25768105,25.768105,2863122.77777778,217749028,0.217749028,24194336.4444444,83694,s,217832722,1482,9,1290,LZ77,48
LZPXj 1.2h        9,25205783,25.205783,35154.5090655509,217880584,0.217880584,303878.080892608,4853,s,217885437,783,717,1316,PPM,
scmppm 0.93.3     -l 9,25198832,25.198832,39128.6211180124,217867392,0.217867392,338303.403726708,37043,s,217904435,708,644,20,PPM,
acb 2.00c         u,25063656,25.063656,2303.00983184784,218473968,0.218473968,20074.7926123312,38976,x,218512944,10656,10883,16,LZ77,26
crushm,25013576,25.013576,38541.719568567,218656416,0.218656416,336912.813559322,30097,x,218686513,617,649,39,CM,26
PX v1.0,24971871,24.971871,13804.2404643449,219091398,0.219091398,121111.883913765,3054,s,219094452,1838,1809,66,CM,3
DGCA 1.10         default+SFX,25203248,25.203248,93345.362962963,219655072,0.219655072,813537.303703704,0,xd,219655072,858,270,76,,
Squeez 5.20.4600  sqx2.0 32MB Ultra,25118441,25.118441,216538.284482759,220004873,0.220004873,1896593.73275862,91019,xd,220095892,2575,116,365,,
fpaq2,25287775,25.287775,1252.73828395918,221242386,0.221242386,10960.1895373031,3429,s,221245815,20183,20186,131,CM,
TinyCM 0.1        9,25913605,25.913605,19483.9135338346,221773542,0.221773542,166747.02406015,12553,x,221786095,1342,1330,1083,CM,26
dmc               c 1800000000,25320517,25.320517,35118.6088765603,222605607,0.222605607,308745.640776699,2220,s,222607827,676,721,1800,DMC,
lza 0.82b         -mx9 -b7 -h7,26396613,26.396613,2721300.30927835,222808457,0.222808457,22969944.0206186,285766,x,223094223,449,9.7,2000,LZ77,48
brotli 18-Feb-2016 -q 11 -w 24,25764698,25.764698,4366897.9661017,223597884,0.223597884,37897946.440678,542385,s,224140269,3400,5.9,437,LZ77,48
szip 1.12a        -b41o16,26120472,26.120472,90382.2560553633,227586463,0.227586463,787496.411764706,31708,x,227618171,1191,289,21,BWT,26
balz 1.13         ex,26421416,26.421416,139060.084210526,228337644,0.228337644,1201777.07368421,49024,x,228286668,3700,190,206,ROLZ,
lzpm 0.11         9,26501542,26.501542,464939.333333333,229083971,0.229083971,4019017.03508772,46824,x,229130795,15395,57,740,ROLZ,
qazar 0.0pre5     -l7 -d9 -x7,26455170,26.45517,29296.976744186,229846871,0.229846871,254536.955703212,71959,x,229918830,5738,903,105,LZP,
KuaiZip 2.3.2 x86,25895915,25.895915,550976.914893617,227905650,0.22790565,4849056.38297872,3857649,x,231763299,1061,47,197,LZ77,26
qc 0.050          -8,26763343,26.763343,17806.6154357951,232784501,0.232784501,154879.907518297,46100,x,232830601,8218,1503,151,,
ppms J            -o5,26310248,26.310248,74322.7344632768,233442414,0.233442414,659441.847457627,16467,x,233458881,330,354,1.8,PPM,
dzo beta,26616115,26.616115,167396.949685535,235056859,0.235056859,1478345.02515723,618883,x,235675742,1088,159,200,LZ77,26
comprox_ba 20110929,27828189,27.828189,275526.623762376,242846243,0.242846243,2404418.24752475,4134,s,242850377,397,101,226,BWTS,48
WinTurtle 1.60    512 MB buffer,28379612,28.379612,119745.198312236,245217944,0.245217944,1034674.86919831,160090,x,245378034,273,237,583,PPM,
diz,26545256,26.545256,1167.02963158358,246679382,0.246679382,10844.9565637914,12945,s,246692327,21240,22746,1350,PPM,26
cabarc 1.00.0601  -m lzx:21,28465607,28.465607,1897707.13333333,250756595,0.250756595,16717106.3333333,51917,xd,250808853,1619,15,20,LZ77,
sr3,28926691,28.926691,180791.81875,253031980,0.25303198,1581449.875,9399,s,253054625,148,160,68,SR,26
bzip2 1.0.2       -9,29008736,29.008736,224873.92248062,253977839,0.253977839,1968820.45736434,30036,x,254007875,379,129,8,BWT,
rh5_x64           -window:27 c6,29078552,29.078552,3093462.9787234,254220469,0.254220469,27044730.7446809,36744,x,254257213,196,9.4,145,ROLZ,48
RangeCoderC v1.7  c7 26,28788013,28.788013,11817.7393267652,254527369,0.254527369,104485.783661741,7858,x,254535227,2460,2436,1116,CM,26
quad v1.11        -x,29110579,29.110579,250953.267241379,256145858,0.256145858,2208153.94827586,13387,s,256159245,956,116,34,ROLZ,
WinACE            -sfx -m5 -d4096,29481470,29.48147,382876.233766234,257237710,0.25723771,3340749.48051948,0,xd,257237710,1080,77,4,,
lzsr 0.01,29433834,29.433834,334475.386363636,258912605,0.258912605,2942188.69318182,40287,x,258952892,194,88,6,LZ77,26
libzling 20160107 e4,29721114,29.721114,1100782,259475639,0.259475639,9610208.85185185,35582,s,259511221,83,27,28,ROLZ,48
xpv5              c2,29963217,29.963217,58068.25,262525246,0.262525246,508769.856589147,14371,x,262539617,2359,516,9,ROLZ,26
sr3c 1.0,29731019,29.731019,205041.510344828,266035006,0.266035006,1834724.17931034,7701,x,266042707,160,145,5,SR,26
lzc v0.08         10,30611315,30.611315,485893.888888889,266565255,0.266565255,4231194.52380952,11364,x,266576619,302,63,550,LZ77,
nakamichi 2019-Jul-01,32917888,32.917888,25321452.3076923,277293058,0.277293058,213302352.307692,112899,s,277405957,8200000,1.3,302000,LZSS,85
crush 1.00        cx,31731711,31.731711,10941969.3103448,279491430,0.27949143,96376355.1724138,2489,s,279493919,948,2.9,148,LZ77,60
xeloz 0.3.5.3     c889,32441272,32.441272,4055159,283621211,0.283621211,35452651.375,18771,s,283639982,1079,8,230,LZ77,48
bzp 0.2,31563865,31.563865,263032.208333333,283908295,0.283908295,2365902.45833333,36808,x,283945103,110,120,3,LZP,
lzwg              -27,34423369,34.423369,839594.365853659,284356322,0.284356322,6935520.04878049,19828,xd,284376150,135,41,1744,LZW,95
ha 0.98           a2,31250524,31.250524,17361.4022222222,285739328,0.285739328,158744.071111111,28404,x,285767732,2010,1800,0.8,PPM,
ulz 0.06          c9,32945292,32.945292,29950265.4545455,291028084,0.291028084,264570985.454545,49450,x,291077534,325,1.1,490,LZ77,82
irolz,33310676,33.310676,231324.138888889,292448365,0.292448365,2030891.42361111,4584,s,292452949,274,144,17,ROLZ,26
lcssr 0.2         -b7 -l9,34549048,34.549048,4172.08646298756,296160661,0.296160661,35763.8764641951,8802,x,296169463,8186,8281,1184,SR,
zlite,33975840,33.97584,1213422.85714286,298470807,0.298470807,10659671.6785714,4880,s,298475687,61,28,36,ROLZ,26
lazy 1.00         5,35024082,35.024082,1459336.75,306245949,0.306245949,12760247.875,5986,s,306251935,273,24,96,LZ77,26
zhuff 0.97 beta   -c2,34907478,34.907478,9973565.14285714,308530122,0.308530122,88151463.4285714,63209,x,308593331,24,3.5,32,LZ77,48
lzhhf,34848933,34.848933,2904077.75,308825079,0.308825079,25735423.25,24576,xd,308849655,392,12,14,LZ77,95
slug 1.27,35093954,35.093954,1253355.5,309201454,0.309201454,11042909.0714286,6809,x,309208263,32,28,14,ROLZ,
lzuf62,34960889,34.960889,3178262.63636364,309837920,0.30983792,28167083.6363636,24576,xd,309862496,375,11,14,LZ77,95
pigz 2.3          -11,35002893,35.002893,2692530.23076923,309812953,0.309812953,23831765.6153846,52717,s,309865670,2237,13,25,LZ77,48
kzip May 13 2006  /b1024,35016649,35.016649,564784.661290323,310188783,0.310188783,5003044.88709677,29184,xd,310217967,6063,62,121,LZ77,2
uc2 rev 3 pro     -tst,35384822,35.384822,561663.841269841,312767652,0.312767652,4964565.90476191,123031,x,312890683,360,63,4,LZ77,
thor 0.95         e4,35795184,35.795184,1052799.52941176,314092324,0.314092324,9238009.52941177,49925,x,314142249,64,34,16,LZP,
etincelle a3,35776971,35.776971,1987609.5,314801710,0.31480171,17488983.8888889,44103,x,314845813,29,18,976,ROLZ,26
lz5 1.3.3         -18,36514408,36.514408,9868758.91891892,319510433,0.319510433,86354171.0810811,138210,s,319648643,10578,3.7,1139,LZ77,48
gzip124hack 1.2.4 -9,36273716,36.273716,1909142.94736842,321050648,0.321050648,16897402.5263158,62653,x,321113301,149,19,1,LZ77,
doboz 0.1,36367430,36.36743,10696302.9411765,322415409,0.322415409,94828061.4705882,83591,x,322499000,533,3.4,1200,LZ77,48
gzip 1.3.5        -9,36445248,36.445248,2143838.11764706,322591995,0.322591995,18975999.7058824,38801,x,322630796,101,17,1.6,LZ77,
Info-ZIP 2.3.1    -9,36445373,36.445373,1041296.37142857,322592120,0.32259212,9216917.71428572,57583,x,322649703,104,35,0.1,LZ77,
pkzip 2.0.4       -ex,36556552,36.556552,731131.04,323403526,0.323403526,6468070.52,29184,xd,323432710,171,50,2.5,LZ77,
jar (Java) 0.98-gcc  cvfM,36520144,36.520144,384422.568421053,323747582,0.323747582,3407869.28421053,19054,x,323766636,118,95,1.2,LZ77,
PeaZip            better no integrity check,36580548,36.580548,150537.234567901,323884274,0.323884274,1332857.09465021,561079,x,324445353,243,243,8,LZ77,20
arj 3.10          -m1,37091317,37.091317,553601.746268657,328553982,0.328553982,4903790.7761194,143956,x,328697938,262,67,3,LZ77,26
lzgt3a,37444440,37.44444,12974.5114345114,334405713,0.334405713,115871.695426195,4387,xd,334410100,1581,2886,2,LZ77,
pucrunch          -d -c0,39199165,39.199165,84663.4233261339,350265471,0.350265471,756512.896328294,34359,s,350299830,2649,463,2,LZ77,
packARC v0.7RC11  -sfx -np,38375065,38.375065,25824.4044414536,361905425,0.361905425,243543.354643338,0,xd,361905425,1359,1486,23,CM,
urban,38215763,38.215763,84923.9177777778,362677440,0.36267744,805949.866666667,4280,s,362681720,381,450,6,o2,48
lzop v1.01        -9,41217688,41.217688,3434807.33333333,366349786,0.366349786,30529148.8333333,54438,x,366404224,289,12,1.8,LZ77,
lzw 0.2,41960994,41.960994,1353580.4516129,367633910,0.36763391,11859158.3870968,671,s,367634581,3597,31,18,LZW,
MTCompressor v1.0,41295546,41.295546,352953.384615385,370152396,0.370152396,3163695.69230769,3620,x,370156016,173,117,74,LZ77,26
lz4x 1.02         c4,41950112,41.950112,29964365.7142857,372068437,0.372068437,265763169.285714,48609,x,372117046,79,1.4,114,LZ77,68
arbc2z,38756037,38.756037,14493.6563201197,379054068,0.379054068,141755.448017951,6255,sd,379060323,2659,2674,68,PPM,
lz4 v1.2          -c2,42870164,42.870164,7145027.33333333,379999522,0.379999522,63333253.6666667,49128,x,380048650,91,6,20,LZ77,26
lzss 0.02         cx,42874387,42.874387,18641037.826087,380192378,0.380192378,165301033.913044,48114,x,380240492,107,2.3,145,LZSS,63
xdelta 3.0u       -9,44288463,44.288463,1476282.1,389302725,0.389302725,12976757.5,107985,x,389410710,1021,30,47,LZ77,
brieflz 1.1.0,43300800,43.3008,5773440,390122722,0.390122722,52016362.9333333,14907,s,390137629,21,7.5,3,LZ77,48
mtari 0.2,41655528,41.655528,420762.909090909,397232608,0.397232608,4012450.58585859,4156,s,397236764,80,99,18,CM,26
lzf 1.02          cx,45198298,45.198298,20544680.9090909,406805983,0.406805983,184911810.454545,48359,x,406854342,68,2.2,151,LZ77,68
srank 1.1         -C8,43091439,43.091439,957587.533333333,409217739,0.409217739,9093727.53333333,6546,x,409224285,51,45,2,SR,
QuickLZ 1.30b     (quick3),46378438,46.378438,3864869.83333333,410633262,0.410633262,34219438.5,44202,x,410677464,48,12,3,LZ77,
stz 0.7.2         -c2,47192312,47.192312,3630177.84615385,416524596,0.416524596,32040353.5384615,41941,x,416566537,14,13,3,LZ77,26
compress 4.3d,45763941,45.763941,653770.585714286,424588663,0.424588663,6065552.32857143,16473,x,424605136,103,70,1.8,LZW,
lzrw3-a,48009194,48.009194,2824070.23529412,438253704,0.438253704,25779629.6470588,4750,x,438258454,38,17,2,LZ77,
fcm1,45402225,45.402225,173954.885057471,447305681,0.447305681,1713814.8697318,1116,s,447306797,228,261,1,CM1,
runcoder1,46883939,46.883939,300538.070512821,458125932,0.458125932,2936704.69230769,5488,s,458131420,140,156,4,o1,26
data-shrinker 23Mar2012,51658517,51.658517,12914629.25,459825318,0.459825318,114956329.5,3706,s,459829024,14,4,2,LZ77,26
lzwc_bitwise 0.7,46639414,46.639414,348055.328358209,463884550,0.46388455,3461825,4183,x,463888733,123,134,71,LZW,26
exdupe 0.3.3,53717422,53.717422,10743484.4,478788378,0.478788378,95757675.6,1092986,x,479881364,27,5,1000,LZ77,48
lzv 0.1.0,54950847,54.950847,21134941.1538462,488436027,0.488436027,187860010.384615,10385,x,488446412,4,2.6,3,LZ77,48
FastLZ Jun 12 2007,54658924,54.658924,4204532.61538462,493066558,0.493066558,37928196.7692308,7065,xd,493073623,18,13,1,LZ77,
sharc 0.9.11b     -c2,53175042,53.175042,3798217.28571429,494421068,0.494421068,35315790.5714286,81001,s,494502069,15,14,6,LZP,26
flzp v1,57366279,57.366279,1509638.92105263,497535428,0.497535428,13093037.5789474,3942,s,497539370,78,38,8,LZP,
alba 0.5.1        cd,52728620,52.72862,5272862,515760096,0.515760096,51576009.6,4870,s,515764966,239,10,4,BPE,48
lzpgt6,56113248,56.113248,11222649.6,522877083,0.522877083,104575416.6,27136,x,522904219,6,5,6,LZP,95
snappy 1.0.1,58350605,58.350605,4862550.41666667,527772054,0.527772054,43981004.5,23844,s,527795898,25,12,0.1,LZ77,26
bpe               5000 4096 200 3,53906667,53.906667,1925238.10714286,532250688,0.532250688,19008953.1428571,1037,sd,532251725,639,28,0.5,Dict,26
kwc,54097740,54.09774,373087.862068966,532622518,0.532622518,3673258.74482759,15186,x,532637704,438,145,668,Dict,26
bpe2 v3,55289197,55.289197,418857.553030303,542748980,0.54274898,4111734.6969697,2979,s,542751959,518,132,0.5,Dict,26
fpaq0f2,56916872,56.916872,274960.734299517,558645708,0.558645708,2698771.53623188,3066,x,558648769,222,207,0.4,o0,
ppp,61657971,61.657971,1045050.3559322,579352307,0.579352307,9819530.62711864,1472,s,579353779,80,59,1,SR,
ksc               4,59511259,59.511259,7516.89516230896,580557413,0.580557413,73330.4803587217,13507,x,580570920,40050,7917,1700,SR,48
lzbw1 0.8,67620436,67.620436,5635036.33333333,590235688,0.590235688,49186307.3333333,21751,x,590257439,15,12,55,LZP,26
lzp2 0.7c,67909076,67.909076,8488634.5,598076882,0.598076882,74759610.25,40819,x,598117701,11,8,15,LZP,26
NTFS              LZNT1,76955648,76.955648,8550627.55555556,636870656,0.636870656,70763406.2222222,0,,636870656,10,9,0.1,LZ77,26
shindlet_fs,62890267,62.890267,610585.116504854,637390277,0.637390277,6188255.11650485,1275,xd,637391552,113,103,0.6,o0,
arb255,63501996,63.501996,24670.5501165501,644561595,0.644561595,250412.43006993,4871,sd,644566466,2551,2574,1.6,o0,
compact,63862371,63.862371,389404.701219512,648370029,0.648370029,3953475.78658537,3600,sd,648373629,216,164,0.2,o0,
TinyLZP 0.1,79220546,79.220546,2084751.21052632,694274932,0.694274932,18270392.9473684,2811,s,694277743,32,38,10,LZP,26
smile,71154788,71.154788,6832.60879585174,695562502,0.695562502,66791.0987132706,207,xd,695562709,10517,10414,0.6,MTF,26
barf              (2 passes),76074327,76.074327,1435364.66037736,758482743,0.758482743,14310995.1509434,983782,s,759466525,756,53,4,LZ77,
arb2x v20060602,99642909,99.642909,40439.492288961,995674993,0.995674993,404088.877029221,3433,sd,995678426,2616,2464,1.6,o0b,
